date,temperature,rainfall,co2
2010-01-01,25.993428306022466,127.98710873172004,376.6241086251281
2010-01-02,24.73347139765763,118.49267365825537,379.32740664642245
2010-01-03,26.315377076201386,101.19260739840348,376.1379003950002
2010-01-04,28.07605971281605,87.06126444588853,378.61019235180476
2010-01-05,24.571693250553327,113.96446627227179,370.7319266652311
2010-01-06,24.58172608610164,107.86970770843499,381.3164685368647
2010-01-07,28.21842563101478,117.90386440055465,380.30602737681113
2010-01-08,26.604869458305817,112.70343603363939,376.26455684465907
2010-01-09,24.141051228130095,120.9910543063867,383.696228342162
2010-01-10,26.17512008717193,89.29529576878863,385.1378506881328
2010-01-11,24.173164614375075,126.34788131268651,372.4622006781551
2010-01-12,24.178540492859486,103.95199209384799,376.73637610716895
2010-01-13,25.60392454313207,141.5052174525053,376.75428825106354
2010-01-14,21.303439510684402,86.21624363820864,375.9504844944557
2010-01-15,21.690164334973936,134.719276063305,384.8473742096587
2010-01-16,24.025424941518054,103.95821566925295,379.78086930613597
2010-01-17,23.134337759331153,86.97163992771104,379.47742579344697
2010-01-18,25.79849466519055,90.32228331891356,370.83068817796624
2010-01-19,23.363951848957576,93.5930538361136,384.0770901510461
2010-01-20,22.365392597329418,108.48331892803833,374.75370802573264
2010-01-21,28.131297537843107,110.45670976071,381.29966315133163
2010-01-22,24.75844739902693,88.52599992122842,382.436884689791
2010-01-23,25.355056409375848,99.51290815478035,387.9032929791933
2010-01-24,22.380503627573088,142.8454071722373,374.6058980044044
2010-01-25,24.15123455094963,134.55086340201422,366.10243922089586
2010-01-26,25.47184517941973,108.72647339348065,382.1692477237685
2010-01-27,22.958012845155395,100.760069563364,390.3025559075543
2010-01-28,26.021396036691343,102.40062653436523,387.5447317646972
2010-01-29,24.07872262016239,112.27035945460833,382.4482970763731
2010-01-30,24.706612500413446,79.5441486960319,378.99181907183976
2010-01-31,24.09658677554121,94.8524692515331,385.5356129831865
2010-02-01,29.014556369017875,66.62831852244821,376.68226900147766
2010-02-02,25.293005550524132,107.98446245210559,383.9817888467811
2010-02-03,23.214578142088197,112.94391879405482,384.1773507958331
2010-02-04,26.985089824206376,90.33627075401252,387.0010495374944
2010-02-05,22.908312700057955,131.47973526580066,395.5483001945554
2010-02-06,25.77772719000951,75.48468673995318,383.76207983589387
2010-02-07,21.45065975224045,70.7125023958036,379.30518187146254
2010-02-08,22.723627902203138,104.48903637119945,381.77212843904
2010-02-09,25.783722471738248,120.94196605224309,373.1046204755544
2010-02-10,26.87693315999082,133.67855382915738,378.52643434455473
2010-02-11,25.75273656237994,90.8223147426212,380.00358780943446
2010-02-12,25.18870343522352,121.57361666862592,379.4795580103271
2010-02-13,24.827792608821422,99.22983060998585,382.9117743601686
2010-02-14,22.482956019265146,96.54745400118361,378.08790033808896
2010-02-15,24.010311583210584,117.67319874973344,387.8551533366224
2010-02-16,24.538722458080425,113.0464575682684,382.301035324591
2010-02-17,27.58424445243783,68.47215686031501,382.3034983943069
2010-02-18,26.167236579136922,129.53080699451792,380.7605264174354
2010-02-19,21.96391968927453,127.60182708294903,383.2259534192949
2010-02-20,26.14816793878959,87.48874596980941,386.62549132333817
2010-02-21,24.73983543916737,107.91607066874818,378.2143489214455
2010-02-22,24.16615599938808,109.88060372565478,379.30941755462374
2010-02-23,26.75335257768174,105.21347531647814,381.13136985611663
2010-02-24,27.6019990449919,88.9938969230916,375.9706453826339
2010-02-25,27.4125602382324,86.56753264123897,378.6537107013925
2010-02-26,23.881564953554722,99.48891858017109,380.4188956322767
2010-02-27,24.951575248297573,123.45458038518728,387.22194590356366
2010-02-28,26.242526862807125,110.87200309188864,384.2128066450096
2010-03-01,27.54109025424472,92.58771335827788,383.9179495568377
2010-03-02,24.64165152430942,115.43397421296689,387.25448981083986
2010-03-03,25.238682046672366,43.02914758739849,382.363141058003
2010-03-04,23.407330051987945,122.97531400744207,385.05232424964447
2010-03-05,23.237586751838656,65.20572442443802,382.6338912353375
2010-03-06,27.265051644788397,92.75118117193736,384.52681174699813
2010-03-07,28.362480057141646,77.60660210747713,380.3362067119421
2010-03-08,25.515979756839332,74.10637048558189,371.1059142086179
2010-03-09,27.67706579578405,123.21653574757039,382.6786041890685
2010-03-10,26.403272050095268,90.64597597376218,390.51374068049967
2010-03-11,24.399760490789753,106.93007763461432,388.0810770112079
2010-03-12,26.422791211016825,99.06158842241632,388.3269874229559
2010-03-13,28.78607313293194,109.54081654446243,389.7306536090311
2010-03-14,25.648347921780097,101.53643782120511,384.0432879548072
2010-03-15,28.859287311628012,74.3401555162286,384.63657853702796
2010-03-16,20.50050979182051,119.9253363889428,380.61174052282826
2010-03-17,27.393805008750448,90.12486833677374,382.16963571986474
2010-03-18,25.934094136476343,68.86836202680499,386.8788557488557
2010-03-19,25.171985299068265,91.43769678068175,389.8694221858441
2010-03-20,25.963521553071004,130.01519581268622,383.202768621595
2010-03-21,21.814862170798214,117.00443484226986,381.6990536757429
2010-03-22,25.360656224324977,93.02695731184282,384.00263979428297
2010-03-23,26.524225143023493,93.01484591363142,387.05603374464556
2010-03-24,28.775788089483033,93.56729897565235,376.8807259193323
2010-03-25,24.793459563452704,141.53495967121682,372.6690952343138
2010-03-26,24.223012794213624,107.63870904463107,381.44731575254207
2010-03-27,24.84648591283093,108.60083294382139,378.1464378704292
2010-03-28,27.690804235404148,120.60566908063684,381.75929901176346
2010-03-29,26.52750221931937,104.77578318053027,383.6110984059127
2010-03-30,24.820479592465922,94.81915708358594,382.1337579548849
2010-03-31,26.916534866226712,96.07300301830044,391.7123376723537
2010-04-01,26.094155098696078,98.56797481171873,386.1337238230116
2010-04-02,27.847289981065778,99.25555526980317,386.05237179805414
2010-04-03,24.515893812245295,114.5525908727396,387.711035720217
2010-04-04,25.274675706804462,101.03891771614599,378.95583441109613
2010-04-05,25.155783693735685,114.65280154431159,389.8955589371013
2010-04-06,23.022970103735762,98.38566839782835,384.3711785673227
2010-04-07,26.552240554129153,101.57270380632181,388.15240308620605
2010-04-08,26.49211054435978,60.035986309357845,379.49071383479924
2010-04-09,25.99022691328492,118.32655349404963,377.13120616991966
2010-04-10,25.520825733249705,106.92976951795985,389.0394482901251
2010-04-11,23.169258515899173,119.96020219719304,386.8820476304876
2010-04-12,25.168709354469282,42.07489243612621,380.53974222821245
2010-04-13,25.334570966946462,141.76749409561455,380.7516845936266
2010-04-14,24.425445461556762,97.20820743689653,390.7771739220738
2010-04-15,25.71742857666798,122.16365633475033,379.25294053566336
2010-04-16,26.85810171362908,79.20188145748938,393.4633647662798
2010-04-17,29.832371802421058,112.2554781012514,380.79689632676065
2010-04-18,26.419155625663677,78.93168873652688,388.5419596280419
2010-04-19,26.595100781445527,87.5246207860839,383.75690762125504
2010-04-20,25.941108168467665,138.28062707733574,388.4659371554117
2010-04-21,22.262457569401917,96.18635198473307,382.77942998942905
2010-04-22,26.056972249101566,104.34865746359446,384.7360354696385
2010-04-23,26.240460419882055,117.40135461377508,385.8045958769786
2010-04-24,31.05648422497057,109.91363775945209,380.6390627210926
2010-04-25,25.755278070437754,103.00837810287153,389.40412172710063
2010-04-26,26.753094684667225,107.2992200493245,383.18393216764207
2010-04-27,26.090576460589514,148.0683117047655,384.6570004232999
2010-04-28,23.832643924760937,98.8476240593283,380.8782531269575
2010-04-29,28.465645629030043,104.02198093429935,373.08833170602344
2010-04-30,27.69386606537355,121.01308792015224,384.9948611869991
2010-05-01,27.782063894086093,122.11051865915968,398.0630771080646
2010-05-02,24.391225090410522,123.7406061112076,389.97302143949014
2010-05-03,29.025588621872195,112.77460444058369,386.00369810132804
2010-05-04,23.42629787441544,77.13990174539033,384.83554585395865
2010-05-05,27.41371418760054,132.6686306460219,386.3123294640602
2010-05-06,30.630911251619956,77.07309213962624,388.98559557587606
2010-05-07,24.278927349738623,106.05270930478066,380.3959359234558
2010-05-08,25.137404540794456,84.91448299961284,391.9216084733444
2010-05-09,26.479302730175284,98.71723306814015,389.9769065772062
2010-05-10,25.2830486917676,106.5752482060696,390.0409286285397
2010-05-11,23.198673137867736,106.42714430900546,388.6923786940486
2010-05-12,26.447125949612055,108.4384150847057,386.64808328846993
2010-05-13,24.19539257254779,132.27422538117293,389.9643061798341
2010-05-14,27.27718486127036,109.0706860302796,389.60907066870686
2010-05-15,24.501151531532393,95.11686729418703,384.92979644529487
2010-05-16,29.44986881003508,119.28174336576714,383.8819911355155
2010-05-17,24.793493415327525,123.78940977849281,387.30928147630993
2010-05-18,25.72587696758865,75.44784369726015,394.59510075747596
2010-05-19,28.00703443473934,111.94800139699716,380.7044646217305
2010-05-20,23.92827136713209,114.02345484621796,379.6123736712378
2010-05-21,26.854919869208256,94.04872993280016,387.82380420618256
2010-05-22,29.024285508564855,127.51413626623238,387.3044385092801
2010-05-23,23.205033530877547,96.99888825934947,387.9667083218521
2010-05-24,26.79926771706461,102.51152906943085,388.3697659895425
2010-05-25,26.959765588496847,96.5385635143226,386.08398872682596
2010-05-26,28.01364574355462,100.31158095162935,394.6993171930104
2010-05-27,23.986098578243837,78.07449826209597,379.29548010761744
2010-05-28,23.829086773831445,71.19898234811411,383.2075148760988
2010-05-29,27.523883131233795,131.89010126449944,386.88372619925474
2010-05-30,27.08396934646637,83.06077303363344,379.23405594422917
2010-05-31,27.000985700691754,80.17215301087386,386.62072797783964
2010-06-01,27.20289641899395,56.932197727925704,395.8573508286401
2010-06-02,25.159950556843018,87.22076504620995,387.7044324414798
2010-06-03,26.994507394322007,73.53820413185004,388.8035045285934
2010-06-04,27.12614494659736,132.8403032027274,381.3991761741371
2010-06-05,25.121297163947265,120.19634178685268,384.66819295980264
2010-06-06,30.291549022289512,86.23699309644553,385.9240180983803
2010-06-07,27.517665841823575,145.04871610688616,386.2614245162189
2010-06-08,24.1973930055947,119.63530973983188,394.3082189750188
2010-06-09,27.90310721726766,93.50337232982756,390.7384553036256
2010-06-10,24.65063665954536,50.01188570252854,382.44271021531483
2010-06-11,28.184169207484903,145.81885145181485,389.28252389216004
2010-06-12,28.93719115801481,72.20855066472808,390.5911087424839
2010-06-13,24.988635363296577,67.09202506086217,393.8507451926063
2010-06-14,28.566752258488645,120.45140864019281,396.10270343284185
2010-06-15,27.475561853872996,148.79504812678545,383.17452904086065
2010-06-16,28.30412031998898,127.68545637021036,384.2457124439483
2010-06-17,30.463585965307896,111.27818240104719,382.06211070542696
2010-06-18,26.18922376799426,111.89508683330573,387.2299007044651
2010-06-19,25.182527671285023,117.06831117560615,390.7817918722317
2010-06-20,24.920971140748954,115.17857179573531,393.4366725829455
2010-06-21,25.078379430069123,105.62382847938751,388.1702448817874
2010-06-22,26.565796581171792,102.08402207903752,387.0007623837258
2010-06-23,27.412303949633287,98.74813744200955,389.40878996124366
2010-06-24,27.293381598660037,84.92070822266648,384.52428549184987
2010-06-25,28.404366498072047,94.38649846266452,399.19769360847386
2010-06-26,26.786003783755817,66.1408637160923,380.7616948644097
2010-06-27,29.677068154314632,98.033207464105,389.7737028944786
2010-06-28,26.25068633352409,80.22817785698166,399.01803109614815
2010-06-29,32.23033833317923,77.92821365568457,388.9839992228
2010-06-30,28.051334695530013,103.59788302306957,388.0498048249925
2010-07-01,25.095684887167433,127.84004572689199,387.26277288594787
2010-07-02,24.678215003877774,118.36633212004625,388.198041591188
2010-07-03,27.79494483048637,68.58998792753646,396.0142423733826
2010-07-04,26.3930744293483,80.20743726859325,378.14069044335247
2010-07-05,28.278000988184186,118.81542375976431,396.91716850648163
2010-07-06,27.806475249147088,80.35025212923381,382.1802142377493
2010-07-07,26.724342174686257,95.50733700005951,388.016738353828
2010-07-08,25.18641256386319,111.00104198049104,387.25377789850666
2010-07-09,23.860305550628272,80.6331109027273,392.39276634885357
2010-07-10,26.006970095865956,102.1075101229192,381.50937824058127
2010-07-11,28.622797588646947,73.3194901016359,391.8608633304097
2010-07-12,27.34818748826041,87.97264712097572,399.7215481164343
2010-07-13,24.438522442576023,106.39563868285074,382.8341299770359
2010-07-14,27.286361851702367,68.14012532936661,390.64853083805195
2010-07-15,27.720634759457674,108.80949475920798,386.44008911101696
2010-07-16,25.192285127597735,99.60724402146637,391.9294360309652
2010-07-17,27.277450211891054,111.04979908834295,389.9457388870788
2010-07-18,27.096417436892,104.47828268129322,386.69256545477845
2010-07-19,24.704059404338754,127.28280859947688,392.38936142435534
2010-07-20,27.715574720696566,102.50449005295815,399.02174054893374
2010-07-21,28.13156905273647,91.41188917749494,389.09548104136354
2010-07-22,29.186102486350553,102.44595006064567,393.6987897107409
2010-07-23,29.13760410406981,110.86596058072776,383.6836352106442
2010-07-24,24.284661264085816,100.97720140651408,385.41781811590994
2010-07-25,25.174349920169757,100.81183382407765,392.61203138940186
2010-07-26,28.09007053441732,85.96016624386489,397.72058014267986
2010-07-27,28.097571901824416,86.74198164898104,392.12806674392834
2010-07-28,28.110095372612093,71.94789456400613,388.8347098473842
2010-07-29,34.79546298130944,134.9915348637388,390.44645702711676
2010-07-30,28.241781021386334,75.1227352921743,384.2479613301514
2010-07-31,29.381131280361195,86.14189604408185,393.5725766317768
2010-08-01,29.028003526986407,85.63185468861604,395.0116653116171
2010-08-02,28.432782502611595,117.89848753888883,388.38954833583455
2010-08-03,26.50946151071931,94.10100643415944,388.3497892612025
2010-08-04,28.667938440986532,124.95484145347467,392.07939114826024
2010-08-05,25.61434957092486,86.53018751512263,388.61640131979703
2010-08-06,26.696362786519984,105.57988324447604,390.5193369268709
2010-08-07,26.20927290434179,83.29305893480486,401.39860894583256
2010-08-08,27.353748278772645,142.90298255546776,389.71487149627
2010-08-09,31.82931713334702,76.24803161940974,389.2082992398939
2010-08-10,23.475469614816504,106.19641420454055,387.8122909718242
2010-08-11,28.592520380749026,112.67553761864197,394.8209598574997
2010-08-12,24.004568257620697,108.27598194902997,390.24387913390945
2010-08-13,26.296136268421137,96.29424682244583,387.95313480839286
2010-08-14,29.427901193934733,97.40358600533148,397.85652016136504
2010-08-15,27.388560038190928,100.87622943958219,398.3980150225682
2010-08-16,25.114510444141388,97.05995996743023,388.3478821713065
2010-08-17,25.849392581480064,119.27758233589819,382.0673002431969
2010-08-18,28.64919549786935,144.21046003182704,396.4875684491846
2010-08-19,25.839266736565726,88.85016429984333,388.0768508712
2010-08-20,27.74291717916395,72.60394040841845,395.5031279958138
2010-08-21,27.411143679807626,98.23435903297491,381.74948091144086
2010-08-22,26.026799304788366,151.59418675308638,396.11298669149653
2010-08-23,31.62788817865065,83.92650864060539,385.6441403535961
2010-08-24,28.617838044636024,132.78233610888134,395.4038205953326
2010-08-25,23.309714826684786,133.55401628152882,391.8713653391822
2010-08-26,27.742908629538857,88.9282351658401,387.0803029030168
2010-08-27,26.056427070463222,111.37966158370551,389.8648184353661
2010-08-28,29.09486666959245,132.56793246257075,395.3815922847835
2010-08-29,25.814958523134596,92.41744518025025,392.52947226557615
2010-08-30,27.1805271170662,95.92839279795277,394.97206490236243
2010-08-31,28.429974557960914,88.36638172102712,401.98220292257747
2010-09-01,29.161510388340243,79.70486538614267,384.3287919414447
2010-09-02,25.03940718588845,87.01444909867986,400.2860628748431
2010-09-03,26.780997528318103,75.52119466475487,392.77177968761606
2010-09-04,26.510109377678088,100.68166936518452,387.8060797583844
2010-09-05,26.163341534852574,84.60053537882716,385.69843187130505
2010-09-06,31.010908480562193,104.67571823581495,391.4543980461148
2010-09-07,28.299963421921912,68.88208707592746,397.0582505596223
2010-09-08,24.97823209132991,106.61760464428914,391.8622543981123
2010-09-09,29.345723894109554,116.6705792321785,400.10577465123674
2010-09-10,31.764312394025268,60.12528714857089,385.3441215497422
2010-09-11,29.594930521102295,107.48113139695144,392.5895552607697
2010-09-12,24.501260068091973,124.55337984946584,386.4380327779344
2010-09-13,26.5815318542675,75.8071796261759,394.5681594131248
2010-09-14,30.093822298373244,133.45144773675406,397.2344369504865
2010-09-15,26.15466106876244,108.38038018732091,390.7461910315948
2010-09-16,28.467638856292456,85.89976288483183,379.8789307168643
2010-09-17,29.139268106858673,98.88461844684588,393.9447407339825
2010-09-18,25.746139056843834,111.16653825043444,395.1836927586676
2010-09-19,27.4909492878764,101.52010782824823,395.0714737748085
2010-09-20,21.137465319861857,110.77511984892739,399.2789109591108
2010-09-21,25.58122471733142,81.58652813841267,387.79473160175473
2010-09-22,27.13486369721368,103.38721648072156,396.60108052725224
2010-09-23,25.1544336360703,71.7257100619004,399.21253756238985
2010-09-24,30.92482260786327,97.775478773026,384.40706207996743
2010-09-25,24.809717244078737,81.92184717070421,394.94825912959493
2010-09-26,26.799911026606033,85.28940114820466,390.8791008449616
2010-09-27,27.951481154572186,124.72186350420876,393.0423866344918
2010-09-28,30.58254657813223,121.82620241188538,395.2383824176917
2010-09-29,24.838275697641123,112.18276241814354,391.1138571794323
2010-09-30,30.046327504309918,78.15374470654842,390.221459604192
2010-10-01,27.750466122039175,93.67183100610396,393.8207620874401
2010-10-02,25.7769826979041,124.26195399958367,388.26377030568597
2010-10-03,28.674206948526543,102.83433827279809,388.32087435557406
2010-10-04,28.15811939114694,146.3865907996339,397.1968664147825
2010-10-05,26.56956624568241,107.86635678788744,388.10602982420676
2010-10-06,27.91960416998004,103.84098232980062,397.23156250454605
2010-10-07,27.01937280627648,93.81767071594997,396.26295646426973
2010-10-08,28.027034690502497,102.67081809564564,385.370966356047
2010-10-09,29.13426134904209,96.95060327238912,390.66217673832176
2010-10-10,30.992033632290706,114.1621735337718,400.0705470152369
2010-10-11,25.3543690023463,119.13404633589168,389.24417234430155
2010-10-12,32.10606674931253,84.28021078984101,391.877978688453
2010-10-13,23.945824400954997,73.37534092884444,396.5603044662595
2010-10-14,27.556429809928833,63.27589253793407,398.216952546413
2010-10-15,29.046634412969155,110.15982653825087,393.0923055697775
2010-10-16,28.441983735470064,77.93266787652253,391.41244902654176
2010-10-17,26.64460096035881,56.94218814095034,401.5618493084925
2010-10-18,27.483755499285447,107.77157209061929,403.1944983189879
2010-10-19,26.923998130682335,149.8599903486558,399.444290253909
2010-10-20,26.741270486111578,99.87858176920213,395.02659071282517
2010-10-21,29.62920419404205,116.76981548903284,390.6086713917953
2010-10-22,28.654030971930094,101.6365871709513,390.54777796721714
2010-10-23,26.564180809478692,98.02220693617714,397.3625705263288
2010-10-24,29.759199750866504,118.38152965975537,396.89199110444343
2010-10-25,28.58459904175322,94.19450911622697,401.85799296473215
2010-10-26,29.605724237677922,105.34784628143805,398.1522504626807
2010-10-27,29.249257683847226,106.43395612392027,387.4345984912009
2010-10-28,26.342009978155854,86.63819092713902,400.2597380886146
2010-10-29,26.889637919606063,119.84084699073045,390.059696863428
2010-10-30,29.514587210246525,96.50080486609183,393.18014364023827
2010-10-31,29.25074053086693,84.88509681014311,396.40100103125843
2010-11-01,27.998196812071704,110.73019687140807,405.1783374489198
2010-11-02,28.284654766617564,82.03064036417925,410.7995927800268
2010-11-03,30.615329791576848,100.56362314738257,398.33361529568094
2010-11-04,26.88685722232834,99.81762006711593,394.4340169063981
2010-11-05,29.174194762340075,121.71791131663156,398.0725282424027
2010-11-06,27.685614695132212,109.49396465759905,399.88827712936916
2010-11-07,27.66463759354556,99.49946082509712,393.89666187221405
2010-11-08,30.307553703974378,116.35532598400574,404.5260567795616
2010-11-09,29.77083269797606,127.80415098034626,396.75035379595704
2010-11-10,29.757019272001276,111.15620612703725,398.13871544545697
2010-11-11,30.75095761430866,100.20705239686761,399.0296212602723
2010-11-12,28.192007683265516,73.7632753529968,397.85793305307226
2010-11-13,29.523905942589927,78.69772673849255,399.99470250234805
2010-11-14,27.54946648681309,93.89550591290664,392.76373406726543
2010-11-15,28.828332704976884,87.80975595681434,393.1084912302698
2010-11-16,27.929713891264633,96.26057394029108,390.4492288351415
2010-11-17,28.393991929985436,101.13299849794214,398.19750615310113
2010-11-18,29.400314050873828,110.59385508713461,399.9446825175606
2010-11-19,26.583558633533055,98.59002443881818,398.3888643307595
2010-11-20,32.41477455137092,109.73003287652404,404.5224621667377
2010-11-21,26.227965237000596,101.2894882962024,396.17201990585477
2010-11-22,25.821622774424537,60.490668672922574,399.59370827796255
2010-11-23,30.576221747000137,81.21329212362491,390.84149561930343
2010-11-24,29.85332538792587,97.1182488855677,394.414501487628
2010-11-25,29.52823963410431,75.80610514317785,399.87768878782884
2010-11-26,29.54669101852856,111.9985745999241,400.69551055371574
2010-11-27,28.27550645430617,130.61501664687395,395.0301652616791
2010-11-28,26.515491257028337,124.37523703394633,396.19200374070965
2010-11-29,28.47160911638745,95.73114258139584,389.01063126659596
2010-11-30,26.975676576975776,129.81452273699904,394.86485399596694
2010-12-01,30.2902394668355,102.97334914404223,401.15191581759893
2010-12-02,28.055885236995724,93.25828057763921,399.6260250805328
2010-12-03,26.709005606414976,87.7319467291812,399.30332860690606
2010-12-04,27.727228316694013,93.95060627023743,397.0988684359048
2010-12-05,29.205862908551246,92.23646362917543,396.9353157931409
2010-12-06,27.26255089439205,103.40832444750976,393.64839430263277
2010-12-07,26.755559208867137,103.2114796209973,400.4941421010127
2010-12-08,28.897374422983823,100.0609204030683,399.154864721947
2010-12-09,28.909933142217447,108.73876339492699,399.56009423996403
2010-12-10,27.41611364925774,123.81292549572683,394.51982578666207
2010-12-11,27.497923388763354,118.99108270882647,386.43328540064374
2010-12-12,28.914099874715273,70.30204063100193,402.7357635587685
2010-12-13,25.563831317005352,48.9215773019609,394.90581271995796
2010-12-14,25.655072451246888,118.68639822478548,393.0361211797844
2010-12-15,27.043111557495127,72.66242603169158,400.86739455956996
2010-12-16,28.063105696576308,95.50469196214632,395.48993680040434
2010-12-17,29.12181513119601,76.59773947881281,402.7996819202331
2010-12-18,31.460712433899104,63.9603912483996,400.6350297478835
2010-12-19,30.23531924640404,110.82925456409576,401.01784661600243
2010-12-20,28.21012294007315,115.18310320605293,390.8202214439973
2010-12-21,28.50196758419462,88.4697919854656,403.759719926932
2010-12-22,26.544941270724383,48.179154157101806,399.0562526561693
2010-12-23,28.52297372801522,89.07511103495034,395.953614303769
2010-12-24,27.992682722159724,107.83608010805094,398.5669423367113
2010-12-25,29.225437120676176,70.42176862451743,389.0188238355084
2010-12-26,26.935538112895355,103.66719839558311,399.99326405740334
2010-12-27,29.638693028482347,99.69380301654009,392.85314245908967
2010-12-28,31.675477826005157,111.58582999202177,391.28664857078235
2010-12-29,28.402479703086286,102.39160736828306,390.4882040689106
2010-12-30,29.43342344419788,80.53862118236889,403.7134418749496
2010-12-31,30.020287983422225,123.93143003328983,395.053683031536
2011-01-01,27.847559056228327,96.8294085394606,405.9186385495825
2011-01-02,29.108184963620833,99.45390920980137,395.6209926847385
2011-01-03,28.69518480156359,81.33464081853609,389.8132102120353
2011-01-04,28.875352197097662,91.13435497616979,392.8173778002567
2011-01-05,27.14398043228907,82.30394571946198,404.6290581000347
2011-01-06,28.749020348517885,96.54107880153154,397.72050911031664
2011-01-07,29.7059965824909,134.23416960284686,395.808563517547
2011-01-08,31.62228721559008,72.56197714137286,399.40009112926396
2011-01-09,30.648541652170415,67.72877204246518,401.1589136808377
2011-01-10,33.04636491502311,129.42340654987217,404.2869940795123
2011-01-11,27.2153048742239,95.81352645696268,405.9924961494646
2011-01-12,30.504641273441358,86.61854522680167,397.0011567710546
2011-01-13,29.136684011476703,120.79809374792153,392.2197615695898
2011-01-14,33.15960586643534,87.88768920526272,396.83267419438357
2011-01-15,27.173403429289696,136.52019427093873,400.2514025329144
2011-01-16,27.12055631563845,113.55851742678539,394.18120536894696
2011-01-17,27.611214709111955,90.24177183708595,394.2642454255248
2011-01-18,24.572208551380385,143.14616426531006,400.81893940774944
2011-01-19,27.778489956638477,87.88570153993324,398.9067382421477
2011-01-20,27.321734676892603,114.84190744018613,399.3639849770579
2011-01-21,29.150787572952417,105.98585160812983,395.45752332649965
2011-01-22,29.54351195155432,126.03482578797596,398.14799642897117
2011-01-23,32.62234167843177,131.23022393453707,394.7288342786585
2011-01-24,30.7808476763721,100.64008298131533,403.8509920556239
2011-01-25,27.736192688675196,84.93164259307633,404.62624667361877
2011-01-26,27.103170657303284,109.19944285878233,390.26906068880953
2011-01-27,29.893838343013012,86.44569260495788,394.90244569903797
2011-01-28,26.279533585958717,140.26774495053246,392.1173537245496
2011-01-29,32.59291753170871,102.73070662165475,396.3998803279655
2011-01-30,31.298880241442575,92.69356897375782,399.2828101510482
2011-01-31,28.01164869579059,103.69360611729817,392.50177390150736
2011-02-01,25.533730941818245,73.05747420940607,395.19070093437347
2011-02-02,31.677744748330824,80.56771922978697,394.8302131395925
2011-02-03,28.750920309494763,124.00827815888852,400.9363366469947
2011-02-04,31.465632623946924,86.86211442057208,400.29672168518124
2011-02-05,25.811144682411268,79.0617803463612,396.3913122333137
2011-02-06,27.811249954092453,110.73305505054572,400.934104360697
2011-02-07,29.030487399436367,123.71408309325994,397.3665995770637
2011-02-08,29.123961187529485,114.37906621330134,398.79172444836973
2011-02-09,28.139869057041512,119.92095371611633,408.5672604514927
2011-02-10,30.295699864695,84.86409822861079,406.95230525895175
2011-02-11,26.924759141234812,71.56378666516312,393.802093815362
2011-02-12,28.78524102995741,130.02667303910974,404.4986620893959
2011-02-13,29.320591263423797,93.54640322315728,404.45698277245793
2011-02-14,30.1188776681175,94.98333967089906,394.7086835562369
2011-02-15,30.52322975617778,126.56388283698115,404.5938882187743
2011-02-16,26.860715816324262,111.1246001880132,408.23965959206276
2011-02-17,26.051771658528757,109.11775544163216,394.98727596877796
2011-02-18,31.68535364379702,143.30004689802166,396.06248589492867
2011-02-19,29.804628023959182,87.12963539239715,405.7883073342175
2011-02-20,27.65302692688689,118.55680256162475,402.10747655412825
2011-02-21,32.26230395104505,101.14026249794169,403.5573813761976
2011-02-22,29.40134926858572,105.37184557726513,402.5529460820025
2011-02-23,31.538594368127654,130.56936852825064,402.8534796046407
2011-02-24,29.32503696282022,110.15671512579247,394.3176393584446
2011-02-25,33.32149584976398,110.76592158099265,406.23658853310724
2011-02-26,32.72068168488641,121.45014674619604,406.89794996213885
2011-02-27,28.722071703041852,92.70094540914229,399.9530462796599
2011-02-28,31.17314190190871,83.21580665321987,400.93261525093067
2011-03-01,30.530751899170298,79.10381611957934,393.5444624872214
2011-03-02,31.987263115064696,60.67286821247996,403.8212737800892
2011-03-03,27.33015307883979,141.12414259880643,404.1602872085707
2011-03-04,30.64210291999688,77.93583268556634,401.03904491500344
2011-03-05,31.39684897369918,95.57492752828456,407.02176679935246
2011-03-06,25.772521027153772,94.46373400222159,399.7796138451003
2011-03-07,26.93348297466845,106.14813395618202,404.323029629468
2011-03-08,25.231535644479802,116.31474425078594,396.4516783065394
2011-03-09,28.781186331110884,117.2094697671949,401.4822392456288
2011-03-10,30.765084511591922,88.33845122862124,400.7782287104858
2011-03-11,32.34471410419206,96.65756572427178,402.8265396102047
2011-03-12,29.498189560839553,105.65159900976599,399.9023653558332
2011-03-13,32.617231091142585,95.02617747632905,401.1426370216417
2011-03-14,26.609797083570218,132.14691152039984,405.98023585720756
2011-03-15,25.97323512128969,109.81949903276502,399.7161788138089
2011-03-16,29.27890460220676,114.69755572099635,393.91711449630657
2011-03-17,30.168130897878612,113.25762537334825,410.7479195210271
2011-03-18,29.344610503811815,123.4694771497065,408.95727039345246
2011-03-19,25.28511579992025,103.62043117407414,395.63868652447195
2011-03-20,29.251759920974422,74.06336104088307,405.5985390262259
2011-03-21,26.831060998990296,107.99375903505283,399.6851261472433
2011-03-22,30.789345097660075,86.97286212416341,403.5674360766553
2011-03-23,30.193196492193696,89.42766636500487,403.77112064506747
2011-03-24,27.59024042734529,111.72728037510187,401.1779609984184
2011-03-25,28.452266165326613,124.76566142867271,398.481171672068
2011-03-26,27.3715729562221,100.42543153472123,398.9972947384187
2011-03-27,29.374641805453656,106.17666025197927,397.9190404225938
2011-03-28,31.420284641002475,134.04429889270477,398.39088895884777
2011-03-29,27.548547907328913,104.81506358977137,402.26410854975325
2011-03-30,30.53809303103569,152.0336622836079,399.0712000544462
2011-03-31,28.47948476325512,111.31019291263088,406.1102603285631
2011-04-01,27.964254335475314,64.78474481688365,410.1862307766796
2011-04-02,29.345939280090885,115.06683242209066,399.8997337931498
2011-04-03,27.49951535516125,107.62316769765556,404.0470225026769
2011-04-04,28.472701389305634,125.79505508165491,405.39842555151466
2011-04-05,27.1942442148223,113.46362702539916,405.3100113545964
2011-04-06,33.52945026583278,97.23088032032453,403.3797763395804
2011-04-07,29.680527103943458,75.51403527421269,406.7634120917986
2011-04-08,28.22054898401483,95.8195348542795,405.5112447634033
2011-04-09,30.057959821468444,82.989590915814,396.9616878883635
2011-04-10,29.415343900618343,88.38953100390555,407.5457803219464
2011-04-11,29.208060800933552,111.7715680884122,407.6864541863337
2011-04-12,30.88833340008685,133.39809008702812,399.48356947910713
2011-04-13,31.18501542009461,107.89343059645962,403.539689177238
2011-04-14,28.618997704778945,76.0823387592963,406.81664496405534
2011-04-15,28.538363518710643,108.89205336440281,402.4034309021032
2011-04-16,29.14989660569671,123.93262973291303,408.86489023883007
2011-04-17,25.10615767052883,87.80434191361236,415.3693624730968
2011-04-18,26.689617875602895,97.31965666654165,399.6700698368251
2011-04-19,32.46374853488905,100.29376389458395,396.7447769842311
2011-04-20,33.02993542700257,84.30203373835519,405.2190929780244
2011-04-21,29.251927920887244,112.96560867687718,407.3578125256307
2011-04-22,30.91311392611153,97.58103702784437,402.6456681307762
2011-04-23,30.392500309087072,108.39064887814055,411.1163033166052
2011-04-24,35.93776161691048,82.25015644395799,397.20697100138375
2011-04-25,32.02914982286915,91.25083399353178,407.414593115158
2011-04-26,29.544164817038467,114.44762715655543,400.97069589620554
2011-04-27,27.89891911879915,92.54333695816466,412.6468895310365
2011-04-28,26.607107359484857,134.5392770246681,414.0625767658406
2011-04-29,30.236927271734444,92.00727628770795,400.31671706108324
2011-04-30,28.327298509431394,104.49369451503772,401.4522143204571
2011-05-01,27.005492580804653,118.65181663746179,408.54793943489904
2011-05-02,28.566854231514945,71.63268534133937,402.36434675105244
2011-05-03,27.70690399277121,64.78382376038448,404.12294391033885
2011-05-04,33.25428327014513,69.4868737085981,404.52694210271204
2011-05-05,31.6532795138989,125.25168206854364,394.8516342190117
2011-05-06,29.884054717366762,88.96283708215107,404.4308112695288
2011-05-07,32.86988827778005,151.16398571336504,401.10136112967916
2011-05-08,30.074736615295237,88.71504802685223,402.1343858880012
2011-05-09,28.207431597343472,103.69102606394074,411.86816001734405
2011-05-10,32.98624815453932,130.8421990513575,398.4174655286037
2011-05-11,31.027820087369317,140.12185776318245,408.81602593373987
2011-05-12,27.885507691347087,141.23007153272795,403.405185348341
2011-05-13,29.589322643832784,124.16732461186285,403.4511991575209
2011-05-14,28.228763493230485,120.48125051622925,408.85185948025855
2011-05-15,27.22440053807133,111.85053898402366,406.65025647284443
2011-05-16,31.85235509506328,115.56722152333276,407.85306498609765
2011-05-17,33.82883328094026,88.97628567342933,409.8909233026643
2011-05-18,27.222864852361717,83.63602233155386,403.44345808408343
2011-05-19,31.15593847338114,99.93251085178096,402.08881632746125
2011-05-20,28.738714861756346,96.59630754950143,399.774247367211
2011-05-21,29.07574923247061,90.9354390134545,401.1229473501052
2011-05-22,28.875212151522263,113.92774894913431,420.04547212654364
2011-05-23,28.342018460640368,119.10610417141021,411.57339790368394
2011-05-24,30.177043255889654,101.76813772583695,398.64462816895985
2011-05-25,28.428099767177926,129.55060162110524,398.8377102162821
2011-05-26,30.64091365155968,77.1662177173299,407.9093303085925
2011-05-27,30.009523781101727,96.12681081440564,408.28632398688984
2011-05-28,29.64210390626718,85.66355358794391,408.3444191765868
2011-05-29,28.314872675916803,62.6692676585388,404.3752210322315
2011-05-30,28.986457338863335,98.34638628314602,405.0727286999855
2011-05-31,31.66078245165151,97.56504983233432,407.3893976207968
2011-06-01,31.161834375248763,130.26899486484263,406.22946503146665
2011-06-02,28.214889510402898,112.61623369109554,394.75349813626235
2011-06-03,30.37866461085845,79.51626351341591,404.75100184712403
2011-06-04,31.69277424674358,137.08185132668376,401.69296782869844
2011-06-05,26.861189437757254,124.42067391050706,406.87605709454255
2011-06-06,31.296720384759873,111.64195406937232,420.9762950130171
2011-06-07,28.894752482108306,95.47031802300336,407.93740832737154
2011-06-08,31.37119733718632,80.81121526553041,404.582351569138
2011-06-09,28.713481686914967,92.55586447857894,410.80900750988627
2011-06-10,26.64023579867096,121.77497239408372,408.6634394360461
2011-06-11,27.004915124233673,137.69172611869217,408.40047245225924
2011-06-12,30.366169893322763,130.86487056544377,409.38425296607835
2011-06-13,30.799445003442965,90.22301156427451,416.6827178241477
2011-06-14,28.48136674979118,77.60765133421978,400.7955578233704
2011-06-15,31.57718491755475,102.81772493822407,408.86816038405726
2011-06-16,26.986959875462084,64.63121268874298,401.9180943500923
2011-06-17,30.187840402705366,106.46335428369562,409.3775632317113
2011-06-18,27.907967600475086,97.04794827402662,402.05656744256953
2011-06-19,29.03632778439568,90.67926996263516,404.61316593197455
2011-06-20,30.444797342632828,68.10593865466409,405.27455042881047
2011-06-21,28.639173269432096,110.27200213139433,411.67908359672356
2011-06-22,29.600888911540352,89.34598320676177,411.4422722197121
2011-06-23,32.39258561842888,76.60166328579425,400.67141311776805
2011-06-24,29.236216260953704,42.55475573436701,407.22467055499925
2011-06-25,32.071384224130284,99.44970189898727,403.4521007262541
2011-06-26,28.150586290684764,135.4450319333949,400.75747544662335
2011-06-27,31.479608355830567,133.2251842909574,406.01491474787815
2011-06-28,33.3131372413158,90.85807486827457,405.6075860577209
2011-06-29,25.496710999745424,87.95575879276439,419.3335824317276
2011-06-30,28.856209489059047,109.37548512150047,409.4147991268035
2011-07-01,31.61414425436108,80.03229121623417,400.4119124962288
2011-07-02,30.063909227914014,106.03583799638932,404.5261299791453
2011-07-03,31.222291746742616,115.32160556769381,412.50691647714694
2011-07-04,29.28202962656836,124.53866447768615,417.8922138643496
2011-07-05,30.6731795749458,97.99691847040094,399.57008343881023
2011-07-06,30.198645529215838,95.92652499646069,398.1503780743048
2011-07-07,32.85556412331962,82.44034826486877,416.95482587685893
2011-07-08,31.038841686602428,83.4623929192028,409.5980708868545
2011-07-09,31.215205324150403,95.47042216196947,403.3585363406182
2011-07-10,29.726246067755067,107.34731013632356,410.4231454306122
2011-07-11,29.584787551855015,118.27169252466499,394.6212613049156
2011-07-12,29.704883624360757,83.9364209863931,407.8668775329858
2011-07-13,31.368904284756592,129.85377137919045,409.5391058642154
2011-07-14,29.748031038359475,94.57752797914863,412.5713506976891
2011-07-15,31.179549713792827,99.57265411303128,402.9305202385373
2011-07-16,34.76080159729088,85.05576641704353,408.4784358070168
2011-07-17,32.362249406863384,51.515194794541166,403.4728768697021
2011-07-18,29.977952935664316,117.680907927221,409.42691877837154
2011-07-19,33.04242784432789,114.73687794184866,403.72326838818486
2011-07-20,29.833849253956895,94.37344885763574,406.2094958041989
2011-07-21,26.583750929644292,101.33981434449744,403.3209230260489
2011-07-22,28.653827378165193,110.31878435408198,411.6056812091183
2011-07-23,26.93841615794829,68.74908286226915,412.6922555832833
2011-07-24,29.986973031917383,89.4189464530741,407.2768971502129
2011-07-25,30.736836758379102,115.88529359243654,408.6911899748001
2011-07-26,34.06287462455057,74.91421153661501,401.3070429268323
2011-07-27,31.373854747528323,105.87115864333259,407.1016167599661
2011-07-28,30.29179894238227,72.8683639075319,408.39897691479126
2011-07-29,32.39881116236698,109.32859964867053,421.80396545514986
2011-07-30,26.32772938198423,99.28717035405033,403.1901648711292
2011-07-31,31.23122911621713,67.69736368188981,416.1208861937622
2011-08-01,32.311730387773935,123.29478708914343,413.83429386732905
2011-08-02,27.82282750844032,85.30816846403901,410.30318202245064
2011-08-03,33.07750808641386,83.79495125971238,417.7431024209757
2011-08-04,31.47699281498883,104.01138394461886,410.8605273630343
2011-08-05,29.9794241721984,122.9727469885743,410.99579597833963
2011-08-06,32.08556373221257,79.68356362043207,408.8343967349123
2011-08-07,35.37138571560879,101.23359699695943,415.2678444120931
2011-08-08,31.20373251011699,108.57633000661146,414.6823461690544
2011-08-09,31.346441172600674,113.86211214526288,406.1216135625189
2011-08-10,29.941278200919513,103.5288311055445,402.7037640270062
2011-08-11,29.170311261070417,92.65944321833355,408.3350968130217
2011-08-12,32.54067163308849,83.44819558702561,405.39980717801177
2011-08-13,29.177832348182267,101.7228776609275,409.1323771269232
2011-08-14,31.043132474438785,78.55721976028786,415.6871906734207
2011-08-15,29.954685106469768,41.57299033010786,407.26349172456605
2011-08-16,31.877959651492784,108.73119608315335,409.38588309344215
2011-08-17,31.597324210573895,118.07869682172391,409.940113674042
2011-08-18,33.0150798885158,52.741351289163234,413.9421544110264
2011-08-19,29.929967202290506,79.80538590580124,398.51555333007695
2011-08-20,30.420250129413258,112.38308522010395,406.7664985261735
2011-08-21,29.012472568435385,141.149909394234,410.9064184613974
2011-08-22,30.091413479847777,100.41587415350816,415.9003947821343
2011-08-23,31.744600986089708,85.43994117541732,407.49048776246894
2011-08-24,32.5139772332907,96.3420711779032,400.6172364697906
2011-08-25,29.16566935164475,127.4975283829637,413.1485572298307
2011-08-26,32.75921184021132,87.0807164175093,406.9231880558719
2011-08-27,33.7412757176099,84.01615986699493,404.2016667045482
2011-08-28,31.8668698064474,90.34512955635935,407.0782730514339
2011-08-29,34.803591625116134,80.93342783482575,409.3273732117207
2011-08-30,29.512421601792855,102.4534063198959,407.27627667730894
2011-08-31,28.580690593377167,132.4935691693912,399.3221697145047
2011-09-01,27.52255950219144,106.46158546232058,414.88533098443565
2011-09-02,34.08208862297837,94.95292995747425,416.8243752063936
2011-09-03,32.40873131270812,94.16377462168911,413.75760995669754
2011-09-04,30.998830658179088,68.73618382606686,404.8615716478759
2011-09-05,31.679937252639643,117.66219554294318,409.59254233026246
2011-09-06,28.879021905403246,98.44325605974396,410.61739342385266
2011-09-07,36.03150395923365,96.39040172818748,413.69397194780953
2011-09-08,31.408442363950453,163.86215135689721,414.0917024435904
2011-09-09,31.378789589209784,105.97505816731372,407.1291310061075
2011-09-10,32.62153324779739,84.96417899809632,411.25997778206784
2011-09-11,32.14201846347343,91.47284807588913,413.1864020230762
2011-09-12,31.637768048558264,122.9689141839351,418.2291116107338
2011-09-13,29.619051089109377,102.26540821075528,414.5225326991236
2011-09-14,32.152936714271995,71.23444043365267,414.9952834368776
2011-09-15,34.984048992950065,118.38457869150407,411.51913313964684
2011-09-16,33.92084009230996,86.63711828922013,418.2022957260175
2011-09-17,34.4263732532788,137.4659555243509,413.2488139797975
2011-09-18,30.22756864713763,121.60096131429297,406.94456044913215
2011-09-19,29.280790359482836,91.05356208682498,418.31684985062594
2011-09-20,31.018426159800704,125.62032723470226,414.8395163626952
2011-09-21,31.39144982457739,101.35711021054807,409.1847798943576
2011-09-22,33.4783830369419,117.05547350244439,409.05253516300377
2011-09-23,27.91507074057036,109.6946563458895,412.9828777257038
2011-09-24,34.36910063892123,83.07286690018253,413.8659239763379
2011-09-25,31.003984202842023,87.12900335365076,412.5864613281561
2011-09-26,30.476237860105158,120.59921635162323,413.2065433672144
2011-09-27,29.315791249479666,93.30449335786918,420.1997868728819
2011-09-28,28.040286656268464,91.92703073516006,417.1077157611744
2011-09-29,33.00634116792383,80.89754841301294,412.75317795632515
2011-09-30,31.516635934376808,108.47198131186923,416.5565529038374
2011-10-01,28.80007820051789,141.2504983848629,406.73738048236225
2011-10-02,28.799842455872767,78.64934171491454,413.939635249734
2011-10-03,30.728430601419742,100.48438913345517,421.04653174866553
2011-10-04,34.74804305057879,128.24441110830858,410.9597705230381
2011-10-05,30.90081729727279,98.40717217508569,407.8618303569046
2011-10-06,28.423714093763788,109.04743592499467,408.88955555703467
2011-10-07,30.948513871828112,78.75212943706241,406.75183481328804
2011-10-08,30.90455286050466,108.56614194415297,408.3261904593615
2011-10-09,26.06622671411686,96.25711469990902,410.44745950704987
2011-10-10,31.361410266964374,119.71459991359725,405.3221649041068
2011-10-11,31.018130939582644,123.74772103129501,412.478091669748
2011-10-12,32.882412729626836,151.79127284037227,416.96138586893323
2011-10-13,35.19791218989069,111.59266346427151,407.9612190992654
2011-10-14,33.763130059095516,106.51592633164333,420.1464196182089
2011-10-15,30.98222261889034,103.88768603154672,415.153960442638
2011-10-16,29.31694818251666,92.93667414378623,417.80290292812026
2011-10-17,36.68671960649972,106.76967686923382,409.4108272307393
2011-10-18,31.668436868028977,94.09197179721941,417.0226261353331
2011-10-19,31.587858583825895,103.36921952539228,407.34033049802343
2011-10-20,31.521749825779995,126.3519507121592,417.30123750418255
2011-10-21,31.97616952153571,79.86914869440717,413.7591966989676
2011-10-22,31.301279176152114,122.7975712225809,415.7162560999239
2011-10-23,30.45267598623953,126.34230134679731,407.12202697187575
2011-10-24,30.516282117519214,97.63862946017842,408.57465078861696
2011-10-25,31.554493459568004,57.56290201982811,416.08614109126694
2011-10-26,30.54315045773247,87.84356025811135,408.40825997887896
2011-10-27,30.214308434645673,125.93989093122218,415.5160314604956
2011-10-28,31.862860455383792,99.54263875402236,406.4143109676988
2011-10-29,31.15004556515829,80.01395535410178,417.5408710633333
2011-10-30,34.67798597716538,89.90450157543565,407.18738342615745
2011-10-31,26.378060383213978,116.81240053009105,416.1614996883976
2011-11-01,33.873013703844926,110.9346713640276,416.57815466823
2011-11-02,34.19217038499526,95.22135801660612,410.0161409078521
2011-11-03,27.563219535183702,92.66351176370625,416.4601328354236
2011-11-04,31.0346248118393,92.16483701912357,414.90221131666783
2011-11-05,30.987118268008416,81.55179631002994,410.95579071903626
2011-11-06,28.92497661056436,132.30751378938885,408.65722657961896
2011-11-07,30.19436662481825,93.5535906157732,403.9368715416371
2011-11-08,29.538848309068342,124.34317041650993,415.54825023649846
2011-11-09,35.27454088684725,130.42632103844903,406.02598614318975
2011-11-10,33.651356786294926,119.9662179629592,414.3767209972065
2011-11-11,34.33311018998832,91.36759374563903,412.63275891958875
2011-11-12,33.24334412808647,108.07460180673219,417.395713877191
2011-11-13,29.551896457565544,99.51608787218167,412.5397725025507
2011-11-14,30.770959467440452,81.92596278539745,412.4527610682646
2011-11-15,32.808749122455836,106.48718563443207,417.80935352144144
2011-11-16,29.395744382216108,76.41920417680396,415.8752901454206
2011-11-17,33.275996860344776,123.75358776923127,415.8307797859139
2011-11-18,31.37934920368373,90.70765405403213,416.6463379490426
2011-11-19,31.120358384900808,104.02319311745678,406.6721393839645
2011-11-20,33.30191993640698,105.66575743092284,418.1839433999349
2011-11-21,32.77852662297208,94.82190052591845,417.512343970068
2011-11-22,31.178067668361837,111.7338760295055,409.41658435711753
2011-11-23,34.2286596067285,90.50192686754951,413.329597631629
2011-11-24,29.757873344800206,117.42594594914488,414.4034635618619
2011-11-25,33.161871213888524,73.08040639506503,413.9775160779913
2011-11-26,33.12620251593677,102.52759159092824,416.36929983284267
2011-11-27,31.330907121372018,138.7785799811657,421.9068339091559
2011-11-28,32.61226604448424,79.9933735078885,420.2088336383641
2011-11-29,29.467772847229394,86.44510058950297,408.288904032843
2011-11-30,33.8280540384138,110.2781569931783,418.0103499515302
2011-12-01,31.620195727114023,103.59163563879196,421.594666597677
2011-12-02,30.95455395896192,107.01260198547118,416.934042603446
2011-12-03,34.10801845167378,109.78374260295327,420.50490212592985
2011-12-04,30.611312618914486,112.6944293712354,425.16135222850386
2011-12-05,29.21307740727288,122.19399683912447,420.26854773053486
2011-12-06,28.92674165295219,108.19637313857025,416.44654297820864
2011-12-07,33.26201990269128,95.17484690762915,420.47544237042376
2011-12-08,29.499141295007437,113.45147402405462,416.02443916548447
2011-12-09,35.57958836396873,137.9976386979043,415.4695152164248
2011-12-10,27.916141184232554,97.34732507234853,413.6429288214313
2011-12-11,35.48291273658008,80.50941390658717,423.26706679416054
2011-12-12,32.52203493440524,122.14161338573945,411.40785667029
2011-12-13,31.916573776259213,97.59237672092803,423.2118386233906
2011-12-14,31.0301618263821,56.546609079719275,418.0993206187019
2011-12-15,32.928272228704145,116.94843354300843,408.6534691259903
2011-12-16,32.0647305951503,89.29343628092154,417.53824646495707
2011-12-17,34.35660376403304,98.18933435391679,405.24986746174187
2011-12-18,32.38845529732408,106.63960661138029,418.92754008415517
2011-12-19,32.47060352292376,103.80999359558133,420.276157414945
2011-12-20,31.45277557557229,114.1890363427808,412.9382202217397
2011-12-21,32.076108752557865,91.29027258860313,416.5677384797779
2011-12-22,32.81560353778412,110.26211596352165,425.77078716875144
2011-12-23,28.78966321468675,94.80906644832166,413.52126647869034
2011-12-24,29.523629155788573,114.77620961775006,410.805462064717
2011-12-25,33.71652818804544,112.30734968026107,423.55831701231295
2011-12-26,32.58173087625588,81.29122595910809,426.01293595265395
2011-12-27,31.882033327294643,121.71964232350064,416.2684783592392
2011-12-28,32.29686786613078,89.28073109771904,421.3573151770418
2011-12-29,32.96516341072334,116.1611559656229,423.05737957765444
2011-12-30,31.20048063938128,107.34574626802682,412.6875788373081
2011-12-31,30.733390549195374,136.76367353590246,414.02347082316066
2012-01-01,32.69169051019536,95.53068035256295,422.65437256577366
2012-01-02,30.353254444769938,93.01366407763605,424.9750713935426
2012-01-03,33.13650551142894,99.61160788224535,419.4144043008718
2012-01-04,28.924832791524317,93.93640434331449,412.2509282324897
2012-01-05,34.39831127465129,115.998838038841,426.6353055584972
2012-01-06,33.29519496482609,67.67378783126824,414.0951455109402
2012-01-07,32.872059468627754,78.92635161707292,415.12431109414274
2012-01-08,34.335381967891024,78.64394156841614,418.56168917244815
2012-01-09,35.71094888892516,119.00615183947151,424.67080210357386
2012-01-10,34.41874013003626,134.2122674516385,421.2198798827611
2012-01-11,28.71825153733671,97.91101562925057,419.07432750180953
2012-01-12,29.850846066528593,96.62356553619979,419.36644265059056
2012-01-13,31.170362844608643,101.40104326226363,417.31757334321736
2012-01-14,32.48218210042167,123.23756605216381,419.9406975725925
2012-01-15,33.47531804093824,81.45293731618852,404.55219961152847
2012-01-16,30.99851237369307,104.7673796546957,415.766962704651
2012-01-17,32.833533528954156,119.5039525956486,418.5066096745839
2012-01-18,30.959234135293354,110.0218833987969,411.5949295819025
2012-01-19,31.25696439401611,103.79163233197487,419.3316165890578
2012-01-20,29.67667780630356,120.02092185134282,416.42764389506937
2012-01-21,30.653533507778192,45.93535414001526,426.27737849157745
2012-01-22,29.80663078876733,113.55750639061816,425.41509862607427
2012-01-23,30.568253494045337,86.91848633745153,415.2709721544092
2012-01-24,34.63728359321568,63.387342062870864,416.8958114421665
2012-01-25,30.641202222336112,110.22405199049962,417.330262171958
2012-01-26,37.81476412967478,127.47317090325916,415.4917026192019
2012-01-27,33.54663580176178,97.25102970744616,418.7751249201406
2012-01-28,32.93967224738975,119.05749094405877,414.05858965556206
2012-01-29,30.86328443963757,132.24556515977292,412.24692332531237
2012-01-30,33.990619758817985,126.29828907168095,421.06355611950136
2012-01-31,31.448724347524454,132.79929058742786,421.14764792110907
2012-02-01,32.854019629290725,114.84254982143784,414.02842120170004
2012-02-02,37.74016907653758,101.50867277803185,422.576777153813
2012-02-03,32.4378802005507,67.96068376205663,414.99211135417335
2012-02-04,34.938546652571354,95.07875023740102,419.4658261901899
2012-02-05,31.243647149748224,83.13506809367617,422.35172006306226
2012-02-06,32.590023019006075,143.4188543499563,418.1319371764815
2012-02-07,36.21160127127102,96.48228375135326,420.6237045607057
2012-02-08,31.426065884424464,102.46409613568972,415.81785178056214
2012-02-09,36.31489711599386,111.02970752080935,417.4676670828595
2012-02-10,34.115503870910956,100.87204892744907,417.4707028455983
2012-02-11,31.585066448211464,133.90102080861504,414.8171082672988
2012-02-12,33.98481547811104,87.54701276531097,417.7161291844211
2012-02-13,34.675108899253466,103.89214910474486,410.90690850568126
2012-02-14,33.98361992443439,85.15058828603904,416.24423126428945
2012-02-15,29.609550560219088,73.59954977558588,417.32562253315166
2012-02-16,31.30572564835026,87.76461818189429,417.5191012375231
2012-02-17,32.274962728896995,99.25926405903176,417.64251277064614
2012-02-18,32.63113314179991,91.4139555096548,418.59117900069936
2012-02-19,34.031344195101354,86.15158040252288,421.3472075904303
2012-02-20,33.155402001866506,71.87365072656333,423.3725853706626
2012-02-21,30.1393112825798,98.3378885474261,415.8011738657587
2012-02-22,33.58039570201193,69.90559251937995,413.0839957230543
2012-02-23,34.05117149056765,115.20111927379205,413.93977793878446
2012-02-24,33.95958089586208,101.64879505869007,416.7639853940253
2012-02-25,35.011561451109245,70.8489700107014,417.4903934109175
2012-02-26,34.52784430909781,93.81581845900273,415.4500196690127
2012-02-27,33.78836015845687,84.95687188818833,412.86941667875055
2012-02-28,32.73966857708271,106.3834902083836,417.11939586262906
2012-02-29,29.56807813296802,126.80900892046289,420.35713310056985
2012-03-01,33.75923643826517,62.49655060708511,422.47514732917784
2012-03-02,33.32537537432622,102.30052158294835,416.7628847344584
2012-03-03,33.46315767439075,96.79734408866719,417.53501088928283
2012-03-04,30.37650284835938,113.42680152900931,415.0165084557634
2012-03-05,30.777886919183473,104.26393256475379,419.5428041481261
2012-03-06,35.05630570666581,84.96061336522362,415.5078568290459
2012-03-07,32.880889692286694,93.61892128666764,422.66563906620604
2012-03-08,34.333001394745246,84.07948286393022,410.9206675403295
2012-03-09,33.036636752260925,121.52014277197196,418.10185163773764
2012-03-10,33.04951227899149,100.42623297343884,421.4555366959587
2012-03-11,34.876567611952,138.02381371506016,420.91917258161254
2012-03-12,31.97791054356525,98.78678372370759,433.5151683199025
2012-03-13,33.21224155388196,85.83186466179075,421.8490001228396
2012-03-14,32.10544942258991,69.72571214774345,415.1297270157899
2012-03-15,32.17100754513537,63.9372064748811,419.72267876455464
2012-03-16,32.43165575306272,68.31728113989021,411.36876833266774
2012-03-17,33.50426754326743,105.34253302022967,419.8970012535162
2012-03-18,32.112502756673045,110.17450046459868,416.1847197149962
2012-03-19,35.59151225114704,68.37618595935733,424.9769513778008
2012-03-20,31.300785395560997,117.90076628152231,417.7022986270223
2012-03-21,32.72625671167728,90.3387789663312,419.91617042102376
2012-03-22,32.230537883451646,102.93586023971099,417.37221079297797
2012-03-23,36.01395576870747,132.2444125651085,429.29425675926666
2012-03-24,33.523109553023154,117.93678631731063,419.0437861694104
2012-03-25,35.20368907893727,94.62938704188335,429.862785217396
2012-03-26,30.178879253926056,82.17615549169426,424.8207588105913
2012-03-27,33.69410053173851,56.9636919734139,423.2103336366769
2012-03-28,34.949261591246874,85.6169336151516,422.6936657365876
2012-03-29,33.34456797855085,95.7773952234461,422.8689864910812
2012-03-30,35.3209607501307,80.25640945697631,411.31163710327195
2012-03-31,32.165423099799256,97.3748606581539,419.6055830292462
2012-04-01,36.02869488037116,101.53703765917537,425.27578985592163
2012-04-02,37.8177962472385,95.50288036383843,420.8555140826295
2012-04-03,32.504322879120686,86.9999483835308,414.1240507659821
2012-04-04,32.34899495719846,103.37309343933455,420.93797774711265
2012-04-05,36.1567689542354,108.83881299138818,429.77052758127746
2012-04-06,36.41914429146142,78.19201845114307,427.5344585776736
2012-04-07,32.22427994569346,128.21864759492541,421.03997995316985
2012-04-08,32.43962636580829,98.02823735431477,426.1572463852904
2012-04-09,32.72643078227898,100.37699245889695,419.6174648981597
2012-04-10,30.611098977931444,114.16428846513114,412.9806420658664
2012-04-11,31.472696107031606,104.66432262527003,416.92767005935224
2012-04-12,31.311718466495865,119.0627326782649,429.414443842541
2012-04-13,31.79440486979174,105.74248330403648,420.28003459085346
2012-04-14,33.27063022522644,87.75125250719124,420.4830801031249
2012-04-15,33.818429465073045,107.23007050412204,420.2508090186256
2012-04-16,36.461000985628154,77.12547585358676,431.32068294786507
2012-04-17,31.373291918522423,102.17119411553047,429.9797945768103
2012-04-18,35.34864479695317,99.33540018711078,432.99390116724067
2012-04-19,32.962022311548985,95.83766285454921,421.15477394799973
2012-04-20,33.301072580695134,97.42924977122138,423.47812244373546
2012-04-21,34.75963898433321,62.36301909004722,414.46678725289604
2012-04-22,31.174555956875405,89.02550184518077,429.4846721305914
2012-04-23,34.194819492368104,101.85689802282229,416.3111022436603
2012-04-24,33.77290441642611,103.19712783994801,423.28387781881315
2012-04-25,34.4349025280163,79.44649718148084,416.76348736183576
2012-04-26,34.03833728781564,125.31415681729402,419.35566586630654
2012-04-27,38.380600279821785,82.67650303570998,418.1636878447515
2012-04-28,32.204520031497374,119.38914401053474,419.3606236966209
2012-04-29,32.428006089996366,108.5438872374337,419.7543864842551
2012-04-30,32.253718947150475,87.07545380312393,419.7586560253746
2012-05-01,32.39904576167949,135.50621785219025,426.7166695589016
2012-05-02,32.24522574538696,76.1272633648704,417.0756860346874
2012-05-03,35.908033062215104,118.38308347220003,423.75270713506933
2012-05-04,36.38100849597971,120.01164636085957,428.7897957615278
2012-05-05,32.408507412501045,86.58759581846711,420.184018177433
2012-05-06,31.895288853791545,127.84930600128658,419.210405546262
2012-05-07,34.51283111277281,94.99906970802094,421.6973768740988
2012-05-08,32.475553911438055,105.77387258559715,428.7986260418035
2012-05-09,34.85586363551103,105.20643677542441,423.9205381547668
2012-05-10,34.005846041702604,97.31382517058904,420.34392852696203
2012-05-11,30.578511770005534,116.21616546319564,425.4693832559402
2012-05-12,36.71501040266013,115.86977441104426,417.5885392508179
2012-05-13,37.221755346191046,65.02936053523638,426.55679755221473
2012-05-14,32.41442261903123,126.08680485756305,425.2430365385088
2012-05-15,32.87459688012803,66.75016023928652,421.71095764430555
2012-05-16,34.231730781449805,120.65092408683314,419.10707100776386
2012-05-17,34.338913579974054,122.53410273655166,418.9165953885827
2012-05-18,34.99708854534566,78.18067139569604,426.0740866817295
2012-05-19,37.710409077532695,91.78371424090831,429.5949025124453
2012-05-20,33.3461055450119,77.88590663028128,420.313461264856
2012-05-21,32.113405510923094,95.70157939422529,425.8419335177574
2012-05-22,30.961361543970945,93.83931431628517,413.1648649069897
2012-05-23,32.26813992011616,115.59321064538679,420.72691134671396
2012-05-24,33.673746054252405,126.20617492239217,423.54470533564546
2012-05-25,37.339115727035576,127.91367621579911,419.20158291509085
2012-05-26,32.72477740192765,88.75663946843396,419.117468126052
2012-05-27,34.21757590327779,95.81556252510944,420.5111022176556
2012-05-28,33.7471542078545,66.331236155581,425.3609636416318
2012-05-29,36.16678654689617,83.88259867007622,423.0133549079681
2012-05-30,38.85386485174724,119.29703266194915,412.80884383337514
2012-05-31,32.74826245415936,132.31165647096464,413.4464992368247
2012-06-01,32.841121114963556,75.31302256240156,421.06567411071416
2012-06-02,35.91832175413814,88.15071481694211,426.43843293026777
2012-06-03,35.20378297925263,99.47188486082146,410.46247578637383
2012-06-04,37.54341465147207,105.60322317639213,421.75134911924187
2012-06-05,35.027856370651925,83.80792960156708,421.6687607174129
2012-06-06,33.15141581842589,108.48122088928179,431.29168889104227
2012-06-07,35.06130966138462,90.52321305858167,422.47489094143566
2012-06-08,36.10740716116582,99.71095458243441,426.3649449237046
2012-06-09,35.540964362394725,110.925684960074,425.2062857004373
2012-06-10,34.92454806221459,100.12844539621875,413.897167600964
2012-06-11,36.05334937917831,91.27228218946863,428.44103608315874
2012-06-12,36.26859118089135,97.80780392148338,425.7269825272814
2012-06-13,36.704317982075054,98.2327408158933,427.24134319837293
2012-06-14,35.24741977517929,92.59977940235744,444.3811885321816
2012-06-15,33.62576383936629,94.82407874665795,414.3794353025071
2012-06-16,34.263427372866644,131.97294341009433,433.47348324880556
2012-06-17,36.393017933016715,111.21838895882478,423.4627624029982
2012-06-18,32.35612865802553,94.09039363941679,426.38664452201505
2012-06-19,34.7373466177458,113.93908809021471,424.7724387734938
2012-06-20,33.223322375345276,93.3236102048798,422.9288183330098
2012-06-21,34.07748964586963,123.46249275173282,422.2508353588062
2012-06-22,36.5869037252146,107.39284384396188,426.797543677865
2012-06-23,34.4221981360398,97.85395711991542,417.6141315166416
2012-06-24,34.14287309631229,108.95433851620555,429.00289583760883
2012-06-25,31.340287718040162,68.58247695863001,423.21902797557374
2012-06-26,35.56250713205444,77.4646506218039,419.69965330479823
2012-06-27,35.37096836228215,76.12149987201889,423.1499357100209
2012-06-28,38.416509446610924,102.85886189527413,431.73574608431284
2012-06-29,33.484443530094,134.65029998970184,422.8233245649189
2012-06-30,34.54830065532788,144.62600292385264,427.34226809104814
2012-07-01,34.61876736742151,112.76102202881515,421.94521862142267
2012-07-02,37.28490655952695,110.01688949888914,429.43960924961806
2012-07-03,33.949408935226096,63.97884531694522,429.127538693951
2012-07-04,34.70804305154068,89.14652400531956,434.99304416648204
2012-07-05,35.375793019433075,84.24432496183522,424.9221802725039
2012-07-06,34.54321824631272,87.58304803497768,429.19327402378957
2012-07-07,33.28713277089894,96.63712362830421,426.3903376976947
2012-07-08,34.578179985796616,90.55818844605746,432.42935890931506
2012-07-09,36.347263499719546,60.414003792484245,422.40583806195633
2012-07-10,32.15696940117788,114.95820512235068,429.7750265643864
2012-07-11,34.48593934829375,78.54513948520386,425.1265135194166
2012-07-12,32.82975837012166,104.78493728222298,425.8290591144575
2012-07-13,36.63009325784969,141.48165339499946,426.65876242224186
2012-07-14,31.203626190432452,81.61230816827154,427.5112019821334
2012-07-15,33.14215630545682,49.39424954507341,425.7188547843902
2012-07-16,35.02442375012904,94.27991556239779,427.42356591585263
2012-07-17,37.41104805846868,122.01919269997143,434.2905902878109
2012-07-18,34.15849947785402,139.16694908441187,431.3772484280761
2012-07-19,33.1896009466136,75.40900811095166,430.8457729624845
2012-07-20,38.07231413888118,109.93398446473043,424.27230236988066
2012-07-21,31.423972199167512,90.69379086439893,422.1537958588584
2012-07-22,29.932388086759836,97.88103291391728,431.42650279118874
2012-07-23,35.22002890010667,152.8868669403407,431.08023396264895
2012-07-24,33.34589155129478,69.94059343209693,434.11335337875494
2012-07-25,32.317534365738574,105.07479322989147,423.78009687015384
2012-07-26,35.78671289459871,109.35386343530867,425.7022567231983
2012-07-27,34.8676014275424,121.71572649878695,418.7025791873728
2012-07-28,33.261842738526546,101.95966306941791,424.9876444696956
2012-07-29,31.83939120265821,106.16101079008205,431.9828525528972
2012-07-30,36.15491465656029,92.16702865156418,424.71752310385904
2012-07-31,35.72040235591732,105.38253882490214,430.30239897600416
2012-08-01,34.231648272441234,93.1361544900518,426.1974844700109
2012-08-02,38.133273992095326,112.43143779712102,428.8202851411078
2012-08-03,32.309830467347695,92.60779327912732,421.51154305092166
2012-08-04,31.408949658150522,107.54200787804373,427.7260472481695
2012-08-05,33.08618386023751,99.41474372630043,412.3943201454964
2012-08-06,34.38882796728901,122.52100501544336,426.46551920919006
2012-08-07,34.97667889864539,98.97212552823028,419.2976337814243
2012-08-08,34.01752788428734,64.53935063586238,433.5299725827341
2012-08-09,35.21411079302859,125.23843001427983,431.43703676382256
2012-08-10,32.01692115161911,81.88535398274762,429.9333549098304
2012-08-11,37.41752920814652,86.9246732270236,435.25503113579686
2012-08-12,34.37569764321486,88.08677411913015,422.9554173958758
2012-08-13,36.78459166317625,127.48876186341634,436.4868159895778
2012-08-14,35.24545069275541,57.28651572042609,432.4609578213019
2012-08-15,35.483506438307565,162.75497067319986,426.6672235639053
2012-08-16,35.7195345604644,121.12113618132103,433.5781007359147
2012-08-17,35.48541712003463,104.4647782825832,422.4185324379418
2012-08-18,35.885445519735086,98.90211998767427,423.87742919236166
2012-08-19,37.268305060264865,105.71108149715315,425.0070513838015
2012-08-20,35.01304233940294,110.42244856758677,425.4551114596799
2012-08-21,36.04800751517703,112.90431171900114,422.8672117861987
2012-08-22,34.460528611425545,111.11208932006897,434.3154153354766
2012-08-23,37.53023443089894,101.79161362510497,426.95572799815085
2012-08-24,33.30721539588146,96.05323159385348,430.0625248417844
2012-08-25,38.271880865821636,96.97453432692977,425.4982431679316
2012-08-26,34.599684098711315,96.10183439294639,419.2969834972574
2012-08-27,31.828449795763902,122.67540193734129,429.8002867919571
2012-08-28,34.956208829821584,111.87113444561723,418.93872512290113
2012-08-29,33.34789668505024,41.19222730671439,428.20682976957266
2012-08-30,36.401287097977445,113.11801553059522,421.75842480583594
2012-08-31,33.42475204139522,103.8947238943755,438.586379996154
2012-09-01,33.84763313357044,99.62582487108205,433.2568136108736
2012-09-02,30.97091853810894,92.22963093822229,429.2787689563574
2012-09-03,33.85538736150185,122.48225439972026,435.11853338827336
2012-09-04,29.922241346742084,118.95052924245715,424.61842011267134
2012-09-05,31.612194353028556,84.54244664352782,431.6173968933504
2012-09-06,36.3108293122886,108.1410457424907,429.94905216859354
2012-09-07,36.37160031730166,80.56686530917428,430.32010040666836
2012-09-08,35.66091512356993,72.40763670422139,435.41176750053387
2012-09-09,32.886047713741576,87.4656555082007,432.76246051389904
2012-09-10,34.734577287716036,117.24786944765518,430.5936183141251
2012-09-11,34.832794921818866,119.06250090752174,420.9255628188585
2012-09-12,32.53327062161492,110.26170840194587,424.4497685236027
2012-09-13,37.8667966035343,114.50191573695994,428.6864553320214
2012-09-14,36.62472458115135,110.32356574229917,429.81686187138325
2012-09-15,34.438071652340675,87.17036809554095,423.74898137663035
2012-09-16,34.94377167798906,108.63845089347882,441.5083833778921
2012-09-17,35.3167656158951,116.00819050455365,437.08197027626784
2012-09-18,30.826530263151415,115.08582659627149,432.5605916019624
2012-09-19,34.42564523495881,123.77826742949286,429.96018430641874
2012-09-20,33.5660315040044,114.16607694402127,428.5889551504942
2012-09-21,32.93675998021017,107.02896415083165,424.9404076998888
2012-09-22,34.38779941422809,121.40300476632855,430.1374025925943
2012-09-23,38.55537305369904,99.4695748150188,431.08876270071374
2012-09-24,36.25168572253402,82.36250697544564,423.6411971225919
2012-09-25,33.83764202043441,96.73866072112472,431.57088208622446
2012-09-26,36.13516556271232,85.10194710387103,429.17370475587626
